content,score
"烂片骗钱！！！
",0.0017640846476217886
"一般智商看不懂
",0.30800902314439915
"非常好看！！！
",0.36575417640255636
"超烂，不知道为什么这么高分
",0.04189884889523732
"没网上评论那么好看吧，主要是期望挺大的。
",0.35967525439877834
"不好看 都不知道这么高的评分哪来的
",0.41693911051681887
"这部电影我给4星，这是一部二十年前的电影为什么还要拿来上映？而且剪辑的乱七八糟，还不如不上映让它维持最美好的样子！
",0.29674733859945257
"一个神经病的故事，垃圾片
",0.07743695061667677
"打瞌睡！！！！
",0.2114649092296489
"电影很好看，但是电影院太冷，一直在搓腿！也不开暖气，太影响观影了，2019年11月27日
",0.00746792166395005
"还行吧反正我是睡着了。
",0.28639118396344987
"被剪得越看不懂第二次看
",0.42884168158612856
"节奏稍微慢了点，感觉一般般，结局不太科学，主角要怎么在一艘废弃的船上找吃的，撑那么多天？？
",0.39587531114707586
"我竟然看懂了一点！
",0.21438799740442238
"为啥要这样啊???
",0.018009160542970748
"一星给原片，剪切的不成人形
",0.3380757265271601
"还行吧，无聊的睡着了
",0.2114778171063092
"不知道9分怎么来的看的打瞌睡！
",0.16223650505423404
"电影很好，不过电影院很不好，放映到中途居然有卡顿，在某些地方居然会看到白点
",0.0007993893487494574
"非常好看！！
",0.49621654772603285
"不好意思哈，评分那么高，我看不懂呢，好不容易熬过那时间。
",0.08603846371109591
"收获满满！！！
",0.49506692904969607
"凭啥剪成这么短？还不如在手机上看呢！
",0.30738635731151354
"I really loved that movie!???? it’s a good story 
",0.052640598909545866
"最后那段，别人都离开了，只有1900躲在废弃游轮上不肯下来，游轮即将炸毁。这么长的时间里他一个人靠什么吃呢？是不是这个故事编得不真实的一个bug？
",0.49880769423110294
"超级想看，可惜没时间
",0.41837174887539463
"有点没看懂哦
",0.3259814421890338
"男主有点木，，，，，，
",0.4529368848434753
"这分？是刷的吧，这结局也是醉了，这个胖子，你说你想念主角，甚至都可以为了他去偷东西，去面对炸弹，可是后来什么鬼？三两句话，就把你打发了？？兄弟？朋友？你这怕不是傻子吧，废了那么多时间，讲了那么久故事，然后你告诉我，让主角死去？？你**忽悠他下船先不行？管他以后是去别的船上弹钢琴，又或者是去那个女孩家里，一个生命，一个天才，人家船上的伙夫捡到小孩都知道这是生命，到你这就他想干啥就干啥？还有作者，你写个海难死亡也好，整个爆炸…可真逗
",0.472575166901521
"Land?Land is a ship too big for me.Two roads diverged in a wood,and I—I took the one less traveled by,And that has made all the difference           .——T.D.Lemon.1900
",0.1988615575427426
"没意思！看的都快睡着了
",0.019744910995344145
"很奇怪的一部电影，感觉烂尾
",0.3665340458543236
"你们这些**，打那么高分**
",0.23870716180657892
"我想说的是这个早就放过的
",0.33884807994170685
"比较无聊，没有剧情，不怎么好看
",0.3043339546874262
"又来圈钱了。
",0.27757273361120205
"没看懂 不知道这么多好评是哪来的 都看懂了？
",0.2704487056764211
"去去去凄凄切切是的
",0.4608026247290339
"没啥意思没撒意思
",0.3302485663264493
"重来不写评论，实在是郁闷，看得想睡觉，无聊透顶，烂片的高分是怎样打的就不得而知了！电影名字偏题了，改成一个自闭症患者的自诉更适合主题
",0.00010885239802127522
"Life on Mars ain’t just a song. The city is endless. 
",0.1257395347534651
"差评，影院声音太大，吓死人了
",0.01509842343790524
"真的棒，看完觉得太可惜了，这样一个钢琴天才
",0.48227378919117414
"The end of land is The sea !what could make you scare . You are son of The sea !
",0.10563421952288965
"表示没怎么看懂
",0.40947050226204873
"电影是好电影，就是这个电影院放出来的片，竟然还有卡顿，卡住不动，十多次？我真的是，刷新我的世界观！
",0.053413346600811984
"不能退票！！！！！！！
",0.018637597884935353
"貌似看懂，又看不懂
",0.4382807022101515
"电影院比网上看的剪掉不少
",0.46900297125374
"恕我直言，我没什么内涵，请问演的啥？
",0.008804872767780525
"没赶上.没看成.不能退票.不能改签.可惜
",0.0043115598228091745
"5分給電影，但影院服務很不到位，有人全程大聲講電話，講到不停，旁若無人，素質堪憂。實在影響觀影心情！！希望影院服務到位，及時發現及時提醒。畢竟收了3元服務費，難道白收的嗎？！
",2.626035743302779e-07
"不能改签，好烦啊
",0.07630921203621277
"看不懂。。。。。
",0.28601772483273
"看不懂有点郁闷
",0.027262716518125618
"不好看不好看，看着头疼死
",0.10883673750125711
"一个死胖子讲了一个动人的故事，骗了乐器店老大爷20美金?并且骗了我140块钱的电影票！
",0.008910566787405871
"超级烂，搞不懂哪来这么搞的评分的！
",0.009662374700153409
"烂片4.5分
",0.11794005223462689
"二十年前的电影，为什么又拿出来骗钱，本来想给五分
",0.04115427598656374
"NB此片本是天上有
",0.3104873687936206
"稍显平淡！钢琴师技艺了得！
",0.11104234004973546
"好看，必须要6个字我凑，流弊
",0.2524562053286923
"看了，最后让人泪目！如果女孩回来找他，就圆满了！
",0.4964111656921496
"放的什么？我在哪..不就是个弹琴的吗！
",0.23775609619029936
"我竟然以为是海上钢琴师2，看了，好惨！
",0.2587510423651055
"他把自己关了起来，他保存了自己！
",0.22883429422237223
"睡着了，差到睡着
",0.034094305195339514
"不知道演的是什么！
",0.44166871936096386
"烂片，不知道怎么这么高的评分
",0.09946008805423989
"不知是真是假。还有这种人。太不切合实际了。′悲哀。看的心酸。难受死了。
",0.23660546168253005
"(???????)心疼.. ?(????)
",0.44956697225232056
"有生以来最好的电影
",0.3643023151303063
"a long story 
",0.32719906417647937
"太吊了太吊啦
",0.03808560324900956
"好看！！！！
",0.397792007434392
"剧情太乱 不知道演的什么东西
",0.21038812662374462
"Are you OK？(゜?゜)/
",0.4737672181921908
"看完那些差评真的不明白为什么中国还有这么多**买得起电影票…
",0.0867766043340783
"只能给差评了
",0.4241650903200018
"我突然想到，1900会不会下船了，而麦克斯就是1900，1900就是麦克斯分解出来的另一个人格？对不起，我被搏击俱乐部搞串了。
",0.22352525159286918
"还行吧，没多大感觉。
",0.17174266110733005
"1900真棒???
",0.22910756512651675
"有点没看懂，到后面才看懂了些
",0.3278019366396827
"睡醒了又睡！
",0.027989772096657428
"再一次，哭到不能自已。
",0.2859184589416911
"这部不是早就看过吗还可以，又上映骗钱吗？
",0.0465680968720491
"只能说凑合吧
",0.07372270765204014
"没看成，悦和城在装修，吵死了，又脏，真的是服了，装修就不要卖票啊！取了票就走了，没看！
",0.0014158065123899277
"好难看，整场想快进和睡觉的感觉，不懂艺术的思维，浪费钱了，不知道9.4分怎么评的，都是闭着眼评分的
",0.11739905748684543
"都怪我水喝多了
",0.33774940527378616
"1900披着天才外表的胆小鬼
",0.16228390712978047
"why ?why ?why ?why?why ?我们总在问为什么，但有些事是没有原因，比如一见钟情。每个人都有自己要走的路，那怕化为灰烬。
",0.19211162110437519
"真的被删减的太厉害了。
",0.2572985151637385
"男默女泪，硬汉无言
",0.15428549896981014
"1900也太帅了吧
",0.4737672181921908
"非常好看！！！ 
",0.36575417640255636
"简直是人间垃圾
",0.03284928486568195
"真心难看！我和闺蜜快郁闷?死了?！
",0.14064498717776341
"一分都不想打
",0.31790082856973156
"故事胡编乱造。没感觉！
",0.09359336075266811
"没有看过这么烂的片，竟然睡着了。第一次睡着看电影。被你们破例了。还评分94*做的假吧
",0.016701946364972464
"太好看了！！
",0.3172941875540335
"不怎么样，老公看着睡着了
",0.3989337212571151
"看的有点郁闷无聊
",0.011970857602550233
"life is so big to me
",0.4737672181921908
"原版看了至少五遍。这次进电影院把票补了，心里也踏实了！
",0.39944503161175393
"爵士乐，香烟，琴弦。
",0.44767845850986676
"每个人心里都住着一个1900
",0.4171804149783551
"我生在船上也死在船上
",0.3035161183422471
"终于在电影院看了，10分
",0.43730508411864566
"生在船上，死在船上，1900真的存在吗？
",0.28526882830702205
"电影好不好看不知道，猫眼是真的烂，二十公里外的电影院给我显示一公里多，结果我把俩电影院搞混了，没看成。而且，我在猫眼上买了一家电影院的会员后，原价三十六的票价全涨到四十一，要多恶心有多恶心?
",2.8868992751895917e-06
"挺有感触的，不同的人看会有不疼的感受吧
",0.4686155915489175
"看睡着了，提前退场了
",0.296774680765312
"未能送出的唱片，她不知道她是他下船的唯一理由和勇气，她也不知道他在也没有下船
",0.44430447552191954
"我们其实都不敢下船
",0.2863807626094238
"买完票就忘记了，还剩十多分钟的时候收到消息通知观影即将开始…赶不过去了，算了给个好评吧
",0.2714625844116586
"睡着了睡了一整场
",0.13392949596161474
"电影总的来说有点无聊了，不是我喜欢的题材。此钢琴师非彼钢琴师哇
",0.05786805756906688
"实在是太好看了！
",0.3144650846841398
"陆地是上帝的键盘，我们什么也不是
",0.39643696441602505
"很好，告诉我们跟变通不一样的东西，
",0.27278448381810205
"老片子烂的看了半小时就走了
",0.23758649959364253
"我东哥没看懂。啥也不是！
",0.4968931680158377
"好看！！！！！
",0.2363088191970184
"没有我我的琴声哪儿也不去
",0.16876678913306387
"不知道，就看到了一个不敢跳自己圈子的天才！  他想让我们知道什么？
",0.05129317189466198
"可能很好吧 我太困了 看睡着了 整场都在睡
",0.22869717936926903
"好几年前就看过啊，坑
",0.2969731558152936
"**** the regulations!
",0.4737672181921908
"完全看不懂，不知道要表达啥。中外文化差异吧
",0.07619950899755723
"钢琴弹得是真的nb.
",0.41941871026168476
"多少年前的老片了？现在上影院圈钱啊？！
",0.07458954324752465
"故事太假，船報廢后不下船他怎麽生活，不吃不喝不洗？
",0.14488029520951395
"好无语啊，看了半个小时就走了，看不下去
",0.3143876136907042
"评分怎么来的 上当受骗了。谁看谁后悔。浪费时间浪费精力
",0.00017713473078628805
"不适合不懂钢琴的朋友去看? 
",0.3765566220005224
"看不懂，还是看不懂
",0.33116295305475296
"超级好看！！！
",0.2950416174150826
"我还是看不懂为什么不下船
",0.332532034835505
"看不懂没看明白，好像一句话:走自己的路，让别人去说。老外的烂片
",0.147612643723257
"一般一般！看不懂
",0.42581389983146645
"life is imense!piano has its finit but the outside world isn’t
",0.39649036561138595
"无须多言的五星
",0.4255070697657203
"不明白为什么评分这么高。没意思
",0.06007391229894965
"电影好看 只是前后排座位的高度差太小，以及椅子两侧的二维码的灯光太亮.....
",0.014365159239580372
"久久不能出来
",0.32741496049128826
"纯属音乐钢琴家
",0.3462140120371995
"不好看，我差点睡着了。
",0.1941326062162575
"我现在终于相信天才都是疯子，是正常人达不到的高度，也想不通。
",0.23335883784039424
"看不懂，没啥味
",0.09706485617292138
"背景音乐好多都没了！！！有几段钢琴声音都没有！扣两分！！！
",0.011027173880143848
"音乐太感动了?，胶片里的那首乐曲响起就哭?，?纸巾不知道用了几张。
",0.3198290492963173
"非常好看！惊喜不断！但如果我他的朋友，就把他弄晕了抬出来
",0.14883925172769175
"全场3人，退休大妈一人，79年的找，还有一年轻妹子，将近两小时，我们三屁股都没大
",0.09494399590683678
"好劇情，讓人久久不能自己的電影???
",0.4161646629884349
"不适合情侣去看！不（︶︿︶）都要睡着了(-_-) zzz
",0.22581108440452213
"感觉没什么重点
",0.48648796029223984
"一般，有点闷，不推荐
",0.16190039059228734
"虽然我看不懂
",0.42581389983146645
"电影声音太大了，耳朵都要震聋了！！！！！
",0.015974868782634544
"98年上映的，中国19年才上映厉害了
",0.02855870528147575
"好看！！！！
",0.397792007434392
"1900知道自己属于哪里我不知道
",0.43883440955989217
"太好看了！！！
",0.21389994606385343
"我好像我忘了
",0.45624333949655527
"剧情太**了但是真的好看眼泪差点蹦不住
",0.08846958627752743
"烂片一点情节也没有。
",0.25219589550334875
"电影院不行，连个检票的都没有
",0.24111573167428502
"因为，我也想成为钢琴师。
",0.20854536549316627
"老片子终于进电影院了。一听音乐就全身鸡皮疙瘩。
",0.2878190644863531
"一个好故事，远比一张电影票值钱。
",0.20032407949529485
"不不好看，原谅我不懂欣赏的艺术；也不知道是谁把评价推到风口浪尖上的
",0.05192732477539974
"2016年就看了，为什么现在才上映呢？
",0.41928328967679873
"这是我第一部去电影院二刷的电影
",0.48526625765881093
"一点不好看 超级差
",0.09807523076923663
"居然票费被收贵了?
",0.18677465068617916
"在抖音上看过介绍，这次看了下，
",0.20077006992236057
"三连刷第一场 引人深思
",0.3853355110956791
"都是些什么玩意，就这都好意思上影院
",0.15813021081854783
"真棒????????????????????啊
",0.4737672181921908
"一般般  说实在我不知道我在看啥
",0.1349360674648692
"是我太肤浅，没看懂
",0.11450957948679996
"好看到爆绝对的AAAAA
",0.27859568152616354
"电影院有点点冷其他的都还好
",0.38988177192804907
"看睡着了都要
",0.4225873322064312
"从初一到现在，第七次，没想到还可以还愿
",0.3841318009491541
"剪的太狠了，太多细节都没有了，，，，唉，，，
",0.2145592241812747
"艺术片为什么要大剪刀？？？？如果是为了排片方便凑够2小时，那也太可恶了
",0.005511262176974396
"做一个纯粹的人
",0.4473357966655207
"看不懂演的啥意思
",0.40343872140149817
"不知道为啥评分这么高，我感觉挺一般的，挺无聊的，没啥笑点，也就讲了一个鸡汤故事
",0.018882821745114353
"原片长165分钟
",0.2578938101272268
"绝对好看，不看后悔
",0.26466582651738124
"给原版10分给删减版8分
",0.11051376787513134
"圆桌上在Max描述“我提着礼物来你家做客，你说不用客气…”的时候  我忍不住哭   明天二刷呜呜呜呜太值得了
",0.41320022602972584
"一点都不好看，无聊的要死
",0.09494076730837364
"不知写点什么
",0.2563189987203389
"太压抑不喜欢
",0.4319332314801205
"太多…………
",0.46703256131385296
"体到盯眼训  真系从来未试过  还9.4评  丢
",0.08328186923566039
"个人jo得还阔以，就是男主有点…让他逃生还不去，，，，，，，，，，。还是给个好评吧，毕竟是经典剧作辽@1900  我服了但开场的丹很可怜?他太难了，我和母亲都康哭了?
",0.13315899872088466
"钢琴能无师自通，通到顶极？
",0.04289735300150599
"史诗级的影片
",0.3542858667563311
"睡得很安稳。
",0.31649396151704645
"他太过于懦弱 也太过于真实
",0.16088789699005857
"1900 Ninteenhunderd
",0.4737672181921908
"好看，无话可说
",0.37371283009785494
"第五次看了...
",0.18802037039753172
"钢琴师好帅啊！最后死了也没有留下任何作品感觉好可惜！为什么不能换一艘船呢~唉！心疼
",0.11700012723386077
"I like that. That I can live by.
",0.009231469196309017
"值得再刷，望忠于自己
",0.13369839455045074
"看的人犯困、睡了一个小时就走了、没看到 不知道怎么样
",0.23224154455791524
"看了十分钟睡着了，半个小时走了
",0.20346928774664985
"我的眼泪不值钱
",0.2776408363135058
"一张无名的残损唱片是天才曾来过的证据
",0.27917696153312577
"朝圣啦！！！！！！
",0.03226845999730177
"太好看了吧我的天
",0.3919630394226822
"o**k mog
",0.4737672181921908
"旁边的黑衣小姑娘，你为什么抽泣？！
",0.14510416474393917
"以前上大学的时候看不懂，觉得没意思，今天看得有点懂了…好看
",0.37452106401702345
"没有白看。亮点在最后。害怕的不是看得见的，而是看不见的。
",0.3283832721463915
"真的不能有另一艘船么？
",0.40181038261046953
"呜呜呜，骗我的眼泪
",0.33413520896204896
"这还用说嘛，10分。虽然看不懂剧情
",0.2754455232723967
"如果不是删减版，如果把麦克斯的旁白也保留，我就给10分
",0.058887076971692376
"一个人一片地  有过期盼 从未离开
",0.2998600115233092
"为什么不在家看 ？
",0.40343872140149817
"今年看过最难电影超级烂给一分
",0.47889493620631407
"真心无聊，不知道高分是怎么来的
",0.19383568576262422
"还凑合看吧！
",0.3958219761384677
"凭什么让评价，垃圾。浪费时间。垃圾
",0.0024351868121501585
"Through the soul
",0.4737672181921908
"我没看，所以差评
",0.044033516337496525
"删减太多，很多重要细节都没了，有些失望
",0.22565691827751677
"我好像明白什么又好像没明白什么
",0.2737396238882267
"Omg受不了这种看透的戏码
",0.45711019997544444
"可能我的格局太小 没看懂....
",0.04782781708217554
"比较失望，跟期待的有差距
",0.24949349634338647
"还不如在家拿手机看旧版本
",0.41272676850704093
"这不是老片吗，怎么回事？
",0.18968004761504698
"看见评分是9分以上，冲着去看看，谁知太失望了。剧情麻麻地，为何有9分?
",0.0016817308444169177
"为什么它的场次那么少 明明评分那么高
",0.15125075550283706
"看完久久不愿离去的电影，我在问自己，如果是我，我一定死死的把1900拽下船
",0.40341608372373905
"感觉1900像一个抑郁症患者 别人帮不了他 走出来只能靠自己
",0.47881464727513345
"电影不是早就有了吗？这上线不就是为了圈钱嘛，
",0.06384188094497067
"一脸懵 无聊  看的想睡觉
",0.2407589242564243
"第二次看了，致敬经典，依然想把1900打晕了扛下船！
",0.44280125087477806
"超级经典！不看太可惜了
",0.47771538576531214
"一般吧，那么高的评分有点不切实际
",0.28804134610751275
"好看，，，，，
",0.4250208309907213
"超级好看！！！！！
",0.18338631775911962
"不好看直接睡着了
",0.376404087830048
" 1900为啥不下船？？？
",0.003054021822528896
"无法理解钢琴师的选择
",0.37055241282384566
"你想重映无所谓，想趁着最近没啥电影出来赚一波钱也无所谓，喜欢的人会去看，可是要不要这么让人恶心，删减的成啥了，冲的视频会员也把电影下架，你放电影院里反而让所有人都看不到最完整的版本，挺好的电影，却因为这么放映导致一堆差评，估计以后放网上都没人愿意再去充钱看了
",0.0002725342326016511
"在家刷了好几遍了，把欠下的电影票补上了
",0.415149647102819
"内容什么的自己
",0.4361628709454797
"国外多年前就上映了，看了n次了
",0.4871646551932973
"差点睡着，看影分高才去看的，真心不好看，不知这分怎么打的这么高的。
",0.26154552701879896
"太假了，弃船里连淡水都没，根本不可能生存
",0.2177671654161798
"超级垃圾电影，简直是在浪费生命，看的浪费时间，无语死了不知道哪来的评分那么高，垃圾
",0.0003409286579063586
"2008年第一次看，期间还看过很多次，今年再看还是有不一样的感觉
",0.3426569595647936
"看睡着了！！！！
",0.15073906491018174
"他还在弹钢琴
",0.34769510908656587
"神作，巨好看
",0.24210150747862125
"??? 海上钢琴师  ??? ??- ?????? ????? ??? ??? ????.???? ??? ? ???? ???? ??.  ? ?? ?????? ???  ???? ?? . ?? ??? ?? ?? ??? ??? ??? ?? ?? ?? ???? ??? ???? ??? ???? ???? ??? 1900 ?????~ ?? ???? ??? ????? ???? ??? ???? ??? ?????? ???? ??? ??? ?? ?? ?? ??? ??? ??? ??? T.D ?? -~ ???? ???? ??? ??? ??? ???? ??~
",0.0
"无言。或许现在只有无言才是对的。
",0.06564848969379056
"太好看了，就是没看懂，
",0.4204713825343196
"我要吹爆 剧情完全不拖拉
",0.023082146117845315
"Your right is my leftNo1900 will say:your right is my right 
",0.44767845850986676
"他总是后悔，在下船时便那么做了
",0.31006204731698417
"中後劇情感覺有點兒脫 總體還是好的  個人感覺和綠皮書差不多
",0.025992318523804014
"太好看了！！
",0.3172941875540335
"我不想被关进孤儿院
",0.40938187562497586
"很坑的一次VIP，什么都没有
",0.4454480006014686
"The movie teaches me. how to focus on the one thing that you really want to chase and reach perfectly.And, it tells me how to face life which single and lonely……
",0.3380018992881275
"听见大海的声音
",0.3713994107226465
"幸好没有放弃.....一定一定一定得看！
",0.4522524282374698
"不好看，失望大于期望，个人感觉不建议去看，没有意思，
",0.017187116804418312
"That's your Amercia,1900.Your girl,which on the land.
",0.421874597530976
"我票都没去取就别让我评价了
",0.21195465910884803
"没钱? 看? ??? 
",0.08179558527496178
"太经典了！！！！！！！！
",0.2882970861847378
"电影非常非常经典，但为什么电影院的删减了那么多？？？除了斗琴和最后一段几乎没有删减，其他的部分每隔几分钟就会少几个镜头，甚至对剧情有帮助的桥段和对话也有被删除的，导致很多地方看起来莫名其妙，无法连贯地理解剧情，这样还不如不上映。
",0.20453314153839908
"几年前看过一次，去年又重新看了一次，没想到它竟然重新上映大屏幕了，实在太开心?
",0.14052732701977844
"本想给满分，竟然把我媳妇看的哭了，扣一分
",0.049229700670104126
"Where are my street？Here！my forever……
",0.44767845850986676
"太**了，故事也
",0.2644031237158463
"陆地上的人们浪费了太多时间去问为什么
",0.03157975637755284
"我能打我心中的分数，随便凑几个字吧！
",0.33398845135964295
"过誉。嗨行。
",0.4737672181921908
"确认过放映厅里只有我一人，可以放肆地挥霍我的感情了
",0.32925989976103653
"这都是**什么鬼，你是舰长吗？下去会死吗？舒适域出不去吗？音乐剧吗？浪费时间。
",0.06536971264204394
"Thanks, 1900.
",0.4737672181921908
"再一次的淚流滿面?
",0.3148858952078032
"好了知道了吧集结里
",0.41605757933032084
"我看不见尽头，所以，我选择不下船!
",0.3404933460815299
"Playing Love
",0.4737672181921908
"就那样，在里面打麻将也没怎么看
",0.1442887178220421
"超级烂，看的我时刻想睡觉！
",0.32582919691972045
"听觉得到满足，有人说不好看，我当场就把他打残了
",0.1300141100998301
"看得我快睡着了。
",0.2034250200831519
"恕我直言我有点看不懂咧
",0.11303708239594823
"二刷钢琴师，一样的让人心潮澎湃
",0.3219282273537686
"还行，，，，，
",0.4348887632106585
"关闭了你一扇窗，就会开启你另一扇窗。无法接受踏入陆地，可能就是上帝对他的惩罚。
",0.04112456352376237
"钢琴弹的真好
",0.4333894495342028
"不好看不好看
",0.3257337539651999
"垃圾电影 实在不想多说
",0.06427982990430503
"有点失望删减挺多剧情的。
",0.39666157165894445
"电影满分。银河影城热死人差评！！！
",0.0705197018673821
"十几年前就看过的电影为啥说19年上映的？？？
",0.010602104386791433
"老早就看过的片子拿出来骗人
",0.30543340802011454
"垃圾电影，全程懵逼，都在睡觉。
",0.3869572833068955
"太好看了！！
",0.3172941875540335
"下不下船呢？
",0.4058824730905142
"看到想睡觉 催眠
",0.4411549489383825
"一身清贫怎敢出邮轮，两袖清风怎敢误佳人。
",0.49498671610040457
"满分，不能再少?
",0.43751321361571904
"想不通为什么走不去那艘船，一个天材的钢琴师，可惜了
",0.04066244420536669
"没有我 我的音乐哪也不去
",0.49517923803039166
"没看明白，似懂非懂。
",0.43280856541109747
"不需要说太多，懂的人自然会懂
",0.3429589680390972
"最差，不晓得评分怎么评上去
",0.005551109179103397
"还你一张票，1900
",0.14165009466194656
"感觉删了差不多30分钟，画面跟10几年前在电脑上看的差不多，没有明显的提高，确认为翻炒冷饭，赚情怀。
",0.04549589134768606
"hao钢琴弹的贼好！
",0.3786567375793515
"真的很一般不会超过8分
",0.2911509040894691
"～我不同意你的观点，但是我尊重你的决定
",0.3179814871180394
"经典，视觉听觉都是一种享受。但是居然有人在中途打电话，妹的，没素质。
",0.10386395935319181
"不好意思 我没看出多大意义
",0.3397264144107953
"补一张电影票
",0.3712380744596836
"life is too big a ship for many of us. we have no other choice but to move on.
",0.22339010201147835
"不好看，烂片烂片
",0.049266304960385976
"不知道说啥了
",0.25248021845222945
"只有满分，不解释
",0.32419142890407626
"我只能说 看睡着了
",0.11144547421527051
"太困，太文艺，看睡着
",0.41746340175121444
"看的我很无聊 两个小时坐如针毡
",0.3990711799151454
"去年腾讯都有的电影，为啥现在拿出来上映？
",0.14400352598018296
"烂片，评分都是买的吧
",0.11070163435284552
"真的好看极点
",0.4743447828576134
"真不知道评分怎么来的
",0.24493738675264998
"难看的要死真的是
",0.18982342047965206
"不知道看什么
",0.42895162086768057
"超烂的电影，我看过最烂的电影，看得我想退票一直想打阔睡。太难看了。我的天后悔惨了。
",0.00010448594535172884
"一般般，我觉得二十块可以看
",0.23557491914099948
"早在网上有了，翻炒骗人？
",0.03514645526360538
"太无聊了。不知道什么**剧情。肥皂剧。强烈不建议看。。。睡着了。。。
",0.047067646256414686
"最想离开的人，关门总是最轻。
",0.316675948489732
"Fuck the regulation！
",0.4737672181921908
"一个好听的故事比评分重要多了
",0.38807774701320497
"小孩子看不懂的，难看
",0.22914902563406336
"没有情节，差评！
",0.12380741600641376
"啥都看不懂 烂片
",0.14073434886604608
"经典！！！！
",0.46016312158778205
"太差了！简直差到不行！浪费时间去看！！还有那个死胖子那眼珠子我特别讨厌！转来转去干嘛！谁看谁后悔！都不知道这好评怎么来的！！浪费我时光！
",1.4812332116420635e-07
"垃圾片！评分假的！
",0.07273563879179401
"有没有负分评论？我从来不评论，我来评论一下，负50分电影。浪费时间，无聊的电影，浪费钱，完全没意义。我还是在电影结束给你的分，完全看不下去。gunnima，电影。
",0.0008657429011929008
"若是我，恐怕也不会下船的
",0.2794652645380781
"不好看，都看不明白的要说的意思
",0.4033149297532692
"太太太难看了，不喜欢这样的，原谅我的看不懂，睡着了
",0.026588244286075757
"可是，这是好老的电影了，还要发钱看吗？
",0.3717393879208908
"这这一点都不好看，真不知道这评分怎能这么高？？？故事太假了
",0.08680764258823792
"电影虽好   但是165分钟砍到126分钟你确定没问题？
",0.014015229128728324
"**哟。死**难看。后悔死了还买了很多东西去吃着，准备慢慢欣赏，
",0.027209151766949824
"五分好评，不解释了，就是好！
",0.1449956897006479
"真的太感动了！！！！！
",0.3144135943217672
"很不好，很失望，前后没有逻辑，最后炸死了
",0.10874492095626109
"真垃级，没办法看
",0.1285994963444077
"不好看，没意思，无聊
",0.02723942931741996
"英文字幕呢？嗯？一点小剧情陪衬都要删？还有，字幕翻译组，你们真的像是走投无路了才来当翻译的，豆瓣评分9.4的电影，你们一整我TM看的想把字幕扣掉，三星及格吧，要是不谈电影我一星都不想给。
",0.2826829493366413
"the world is endless
",0.4737672181921908
"阻止他的不是看得到的地方，而是看不到的地方，无休止的，没有尽头…
",0.32651556536303195
"今年，总算看了部有内涵的影片
",0.11955570820749262
"may you have courage to change .
",0.4737672181921908
"很好，看过了有点压抑，人不能太有才！！
",0.2195775802647818
"大爱～打算二刷
",0.3191193114202423
"懂我不用解释，不懂解释也多余。
",0.02273146097920309
"哪个说不好，站出来！
",0.1911764676101081
"差评 电影院设施简陋 隔音不好 服务差 不人性话 最好别来看
",0.0003772390640578438
"Life is immense.如果能等片尾字幕全播放完再清场就更好了
",0.4676834831247154
"删减太多了。
",0.32627094833135406
"生在钢琴上，死在钢琴上
",0.22689105239497098
"看着都快睡着了，没看懂什么是重点。
",0.1561226931207348
"太过于经典。
",0.45236892064629464
"太好看啦，第一次看这么好的电影，还想去二刷
",0.3873911669418053
"不咋地，全程看的想睡觉??????
",0.19375265909490536
"当年的经典神片重映结果一堆人说分是刷的看不懂?我???
",0.36604539652781976
"虽然剪过 但值得去影院看一次 全场就我一个人 把工作人员哭进来了…………像是带糖渣的碎玻璃 又像带玻璃渣的蜂蜜 
",0.47497961701425984
"這套十年前的電影，我都看了5次了，現在才上畫？？？
",0.41033916621052513
"太伤心了，遗憾
",0.47916080086516233
"这电影不是在网上早就出了么
",0.4937697712685075
"Don't change your life,never start fresh. 
",0.39649036561138595
"太好看了！！！！！！！！男主好帅啊！！！！！
",0.05300338149479489
"好无聊，全程噪音
",0.1365461065372685
"看到1900下船那一刻我他么差点就信了。。。那些我看不到的，才是我害怕的
",0.2077880165194076
"如人饮水冷暖自知
",0.1604493589016579
"一直一卡故意父母亲
",0.4242464151131706
"给电影20分，电影院负10分，半场电影一直有东西在旁边响来响去
",0.01355987880447762
"最差的片子，为何评价这么高啊，失望
",0.08412827142246859
"没有我，我的音乐哪儿也不去。
",0.49517923803039166
"看了预告，原来又是娱乐圈的那帮人来准备赚个满盆金箔了，别糟蹋了好电影，还是看原版吧
",0.19256218624073085
"绝对的满分电影 就是不知道为啥又突然搬上银幕
",0.18343408790575955
"太难看了 抑郁
",0.45934471696891643
"电影是好电影，给8分是因为以前看过一模一样，炒冷饭也该加点葱花提提色吧
",0.217762526398391
"不知如何写，如何说，这部电影是我刷的最多的一部…选择泯然于众的生，还是选择忠于自己的死？？？难以用文字去刻意去表述，经典就是经典，大海的声音到底是什么样的？…
",0.30815037661964284
"完全看不懂。。。
",0.3854231116538418
"是真的无聊的爆炸
",0.18631130105621785
"看不懂，睡着了
",0.2562832042306231
"好喜欢钢琴师的坚持
",0.4684701923685045
"菜骗钱来了又哎弱爆了
",0.004195653537487409
"不好看 别被评论骗了。这种片子相比音乐之声差多了
",0.02435781509961854
"挺好看的  人见的少了欲望就会少 谁都会害怕重新开始  人不去认识人不与人打交道是一件很可怕的事情1900就是我说的如此  也可以说他朋友有点扯确实像乐器老板说的那样 你太没用了 不过剧情就这样安排的  
",0.20334606432949687
"没看懂也没听懂
",0.30432081975220704
"有我的冬天不会再让你冷
",0.12945616623967737
"我想我的最终选择也会跟1900一样
",0.4213008981645423
"阻拦我们的不是看得见的东西，而是那看不见的东西。
",0.3566499703994307
"看睡着 听不懂
",0.30871232338457133
"2刷，看得泪流满面
",0.16574363189913932
"电影很好看，这个1分是给平台的，催评价，催NM
",0.2878041988047767
"垃圾电影除了画面还行其他的超级垃圾，抱着女朋友睡着了
",0.29850064929449993
"看过最难看的电影。简直就是噪音。吹喇叭，弹钢琴，听的耳朵都刺耳。哪里来的这么高的评分？？？
",9.888606037034009e-05
"大片 总是不让人失望
",0.09355643233536326
"这是又翻拍了？
",0.3936983688801887
"再厉害，再有本事，也有走出心结
",0.026856032357032156
"看不懂，看一半出来了，以后还是多看看国产的吧
",0.4536757146976226
"太文艺 睡了三觉 斗琴的时候真帅
",0.40741776527512885
"那种想哭哭不出来的感觉太让人难受了，大半夜越想越心疼。我死了。
",0.09193268693904
"小时候在CCTV6看过 不知道为什么过去这么多年会重映 能用一张票钱在大屏幕上重看一次非常值得 
",0.17079224817889826
"期待陆地钢琴师
",0.3056267896711131
"不知道这高分怎么来的
",0.404774522749653
"文艺片实在爱不起来，被坑了
",0.2618878874553394
"爱不来.忽悠人看的.假好评
",0.040594539060541335
"二十年前的影片，现在重看还是很有感觉
",0.44272956538292196
"恕我不懂欣赏，根本看不明白9.4分哪来的。
",0.4115496108922323
"不知道说什么，可能是不懂，也可能是欣赏不来，在电影院还把人冻的
",0.06681005293840425
"太经典了 实在
",0.3718382510756676
"浪漫主义与理想主义的极致
",0.3878968654889645
"重刷，必须好评
",0.42000544271996154
"我以为是重制版，原来是制片人把资源再次放了出来
",0.49829785536554017
"不好看不好看
",0.3257337539651999
"好闷啊，痴线咖
",0.14113145558752682
"重头到尾不想看，可能深度太高了，不适合我，
",0.34888553058596683
"看不懂，，，，，
",0.18203940053912293
"虽然看不懂，但我看不懂的应该很高级，就像杰昆的小丑一样。
",0.26427689248783337
"goodbye nineteen hundred
",0.44767845850986676
"最爱！！！！！
",0.30696544513553925
"非常理解1900的不登陆的心情。
",0.3177536122018826
"自己看不懂的
",0.42581389983146645
"我看不见的是这一切的尽头。连绵不绝的城市，什么都有，除了尽头，没有尽头。
",0.28655449346457895
"冒出来的何炅是啥玩意
",0.10840139141358429
"到底什么片，预告片里怎么有几个国内娱乐咖，都不敢买票了？我
",0.12705181110918773
"我们好像有很多选择却好像又别无选择。
",0.16835749695143842
"到了放映时间，影院还不开始，拖了很久很久。深圳宝安西乡云幕星城。
",0.3471848389434966
"20年前的老片子，又上映圈钱，有点过分了
",0.12624697121838635
"看过不下五遍，坐等上映去电影院再刷几遍
",0.22222099551326047
"两个男人你侬我侬的时候，傍边的伪文青睡着了，我没睡着
",0.084822079938083
"垃圾形容  太垃圾了
",0.005603586895771895
"一点不好看，和朋友一起看仨人都睡着了
",0.46000480043115133
"垃圾，消极，都不知道在干嘛，就这样的电影也能被平这么高的分，刷上去的吧，垃圾，忽悠
",0.00031651249054398534
"太文艺啦！！！看15分钟就开始睡了！！！！
",0.025661521867604398
"看得我都睡着了我的天
",0.28872738077173077
"表示没看懂。
",0.40947050226204873
"超级不好看，都不知道在做什么
",0.43800586023864896
"多希望康恩打开乐器店的大门看到的是1900
",0.22867067341204927
"n年前的破电影还上映，拿来骗钱么？
",0.1313368646530897
"每个人都是最不一样的1900
",0.4524095256864151
"没看懂是咋回事儿 就结束了
",0.12915075032416512
"我知道這個片子經典，但是我從來沒有看過，他刷新了我對優秀電影的要求，不過好像整個電影院就我一個人看的激動的哭了，可能是我自己也是彈了十幾年鋼琴的原因，我太了解那種發現一個寶藏想保護他，但是也明白寶藏有自己的歸宿那種心情了
",0.0012784454027661152
"真香！！！！
",0.33577478202681754
"So long a time. 
",0.30451092871711205
"时隔二十年。是二十年吧？海上钢琴师4k修复版重新上映。我记得第一次看这个电影时的热泪盈眶。重来2小时。这2小时我们都是1900。影片结束，我们的蒸汽船也随之爆炸。
",0.32356724001616366
"超级烂的片子
",0.4521372679839919
"打晕了拽出来就神作了
",0.08498632947674511
"年度烂片，浪费时间
",0.03660910112000004
"跟朋友一起看的，实在看不下去了，提前一个小时就走了，
",0.28112094381647723
"可惜1900没下船?
",0.4383572172031709
"原谅我我的朋友，但我不会下船
",0.39834876645903994
"全程打瞌睡觉得不适合我看
",0.3080871181504917
"说真的我没看懂(?˙ー˙?)
",0.3374178068510114
"文雅文雅文雅
",0.44767845850986676
"看过的，一直忘不掉！
",0.27208604962076854
"If you ，would you choose to get off the boat。
",0.421874597530976
"我说实话，不好看
",0.4659458142309859
"10分给片子好评！但是4k修复版吗？还不如家里投影仪看的清晰度高！删了不少，有些坑?????????????????????????????????????????????????????????????????????????????????????????????????????
",0.16814690218325856
"我再也找不到你了。
",0.13849466180967107
"半分扣在删减了一些过渡情节 其他堪比神作 
",0.48424883108003614
"这不是骗钱呢吧，多少年前的电影还拿出来骗钱，电影是好电影，骗钱的行为很可耻
",0.005658145840691464
"垃圾电影，从头到尾看不懂重点在哪里
",0.4291600219849079
"时隔多年又有不同的感受，看完会莫名的郁结
",0.42089442556715906
"好多年前看过盗版。柔情似水，佳人如梦。
",0.39939159554020676
"看着睡着了，无聊
",0.12965413460513597
"看的拽瞌睡，原谅我不懂艺术！
",0.37850046173733487
"FALL IN LOVE AT THE FIRST TIME
",0.4270999624607147
"没看过这么难看的电影
",0.4807955647578066
"人生哲學大片
",0.404490641692682
"不好看。我都睡着了 
",0.4002791685264172
"电影很好看   但是华联的前台是真不怎么样    去看个电影还要遭受白眼吗  真是够够的了  买票看错时间是我们的问题   态度就是你们的问题了吧  尊重服务业   但是需要互相尊重     你不尊重我们    我们也不会尊重你们   广大朋友们  咱不去华联看电影噢    极差！！！极差！！，
",2.9131132148974004e-05
"不好看，不值得去看，浪费时间
",0.3031497125367838
"文化水平有限啊？我就么看懂，唯一让我欣慰的是钢琴点烟器不错，还有一个眼球老晃悠啥意思？看着耐受劲儿。
",0.2857063251712756
"不忘初心 方的始终初心易改 始终难守
",0.16180729119600368
"有点看不太懂
",0.2592151684156475
"这是很老的片子了，这是重拍吗，还是老片新放？
",0.3809233738774831
"没有深意，耐着性子看完，很差，猫眼评分估计造假了
",0.24064518700236348
"十几年前的电影了，     太能忽悠人了
",0.14296853266681586
"无聊无聊无聊
",0.012506292406093578
"一般.....什么鬼开始是9.6评分去看的    一下掉到9.4    评分难怪会掉    刷上去的？
",0.007141747500402196
"故事失真，斗琴无聊
",0.1464030439993511
"垃圾的不能再拉垃圾了
",0.005904125891739498
"什么玩意电影，电视早就放了千百回了，还拿来影院放，这些商家是想钱想疯了吗
",0.07417749745045799
"原谅我完全看不懂
",0.29442633213212444
"I see me. 
",0.16368193611936954
"钢琴师弹的好优美
",0.4675720534260669
"电影厅连灯也不开，黑洞洞的透不过气来，我指的是放映前和放映后，一晚上心情压抑
",0.0008814395911188599
"又是一部神作，只能说实在太好看了
",0.04623367962847691
"有点沉闷，不适合我
",0.4354613399492493
"playing love
",0.4737672181921908
"Stay in the past.Safe and peace.
",0.44767845850986676
"一搬吧！不是特别好看啊！
",0.35575123652490526
"钢琴  钢琴  钢琴六个字
",0.3342375858007186
"“Take a piano. The keys begin, the keys end. You know there are eightyeight of them, nobody can tell you any different.　　They are not infinite. You are infinite. And on these keys the music that you can make is infinite. I like that. That I can live by. ” ???
",0.00010166314109427699
"真的去巨巨巨巨巨巨巨巨巨巨巨巨巨无敌的好看就是中间有一段他用钢琴在演绎的舞会上很多人的那个神态呀，那些都特别的能把人带进去，而且能感同身受就是我这种不懂钢琴的人也感觉好像就是这么回事儿的那种很有代入感，而且拥有非常好的内容。我觉得最后就是船爆炸之前，他的那就是无物演绎的时候，真的超级感人就是还有他说明自己不下船说明的那个深奥的道理就就就就特别的特别的特别。反正里面有很多真东西也反映了一些当今人的想法，不管怎么样，都是让人值得去观赏的电影。
",0.006184844566390013
"我希望我有天 可以给出评价
",0.3822608305663312
"心像被一把刀切成了两半。
",0.4110859721761535
"觉得有点太**了
",0.08986079300223393
"不好看 好吵
",0.375994172678341
"多真是看不懂。
",0.42581389983146645
"之所以给10分，是因为只有10分
",0.10668753918936447
"一般般，有点内涵，但不是我的菜。有点徐
",0.23503809254573416
"胆小，不敢向前，懦弱，不敢踏出
",0.03827328244061434
"是真的难看，看这个还不如看上海BL。
",0.22551366567452158
"走出去。不是走不出去。不走出去。不是没想走出去。
",0.3666497813756111
"好反反复复吃醋吃吃吃
",0.09673903913655035
"第一次看是在高中英语晚自习的时候，好几年前的事了，看一次哭一次，
",0.4957031853892352
"该死的，我怎么在电影院舔屏了两小时。
",0.2305579752176975
"3刷3刷3刷
",0.0015373589171876478
"说实话，没看懂他为什么要死，或者说他是个精神病患者，选择恐惧症吗？
",0.2591829309208268
"不是我的菜！
",0.2437306313298777
"这不是20年前就上映了吗
",0.2901837745410518
"看不懂啊！！！！！！！
",0.11780144186756036
"可以再看一次 ?
",0.4210121494858433
"好片，但看完了有些郁闷 ~
",0.15275656638307777
"不负经典，不虚此行
",0.24035634440107
"表示看不懂，不知道讲的什么，有点失望，第一次一个人看电影差点睡着
",0.08134606992376603
"年轻时没看懂，现在依然没看懂，只是现在泪流满面，回到家还想哭，就想大哭一场！孩子在学钢琴，带着一起看，只是问我为啥他不下船，要被炸死在船上，我不知道该怎么解释，也许过很久才能看懂吧！
",0.4751018918008296
"再刷两次都不为过
",0.08008675584423075
"能坑一个是一个
",0.08274918912906715
"这个电影院的环境真是最垃圾的！座位大多都是发霉的！让消费者怎么坐下？！ 更垃圾的是工作人员态度恶劣！自己卫生做的差还理直气壮和消费者吵！去了这么多家影院还第一次遇到这样垃圾的，第一次给差评！！！
",6.230069793389248e-10
"如果19先生的养父没死 不知道19会不会有下船的一天
",0.007461149877224682
"非常另人感动…
",0.4406415033244223
"很好！！！！
",0.48669588199244385
"还行，就是男主有点流氓。
",0.26684436126991395
"←_←经典不需要多说啥
",0.46529311975923326
"如果一艘船太巨大你就不要踏入忠于自己
",0.048356588875238526
"评分不是不好看，是有删减，不满意
",0.28142129824002704
"经典？？？？
",0.34919668469401965
"看都没看，票退不了，写毛线，差！差差！
",9.511513023996443e-05
"看着要睡觉了，毫无剧情与意义！
",0.41824448327201635
"刚开始看不懂，后面才看明白。
",0.3692879927220556
"可能多年后再看会更有感触。
",0.44007682957347627
"有点无聊，都快睡着了
",0.03559858068341104
"曾经以为我是1900，没想到只是max
",0.2937650184912043
"好看，推荐。愿我们都能忠于自己。
",0.4610638271835903
"现在为了赚钱 把原本不用付费的电影搬到大荧幕上 而且网上看不单是要会员还要付费？这部电影是很好很有内涵，可是这样再次炒作就真的很恶心，而且还会有删减片段？
",0.007295357335292074
"我勒个去，这个居然重新上映了。支持经典。
",0.4852640013384093
"难看。看不懂
",0.2107734655821235
"在影院包场 抱头痛哭
",0.1956519142229829
"回个话。HK
",0.4648257649837947
"钢琴家的想法不理解，为啥不下船
",0.09636475217890017
"看睡着了。。
",0.3519277997818012
"看不明白啥玩意啊
",0.1090659381294451
"好久之前就看过了，特别好强推
",0.49966131271203407
"好看！！！！看它！！！
",0.16549567546561217
"超烂呀，没有生动感。
",0.3629244946401494
"为啥这个电影我很多年前看过，一模一样，大家看过吗？
",0.3079895893108153
"神作。。。。
",0.35585962526270043
"值得沐浴更衣
",0.45148556081382474
"有点看不太懂
",0.2592151684156475
"好看是好看，可惜隔离多了两个肥婆在配音…
",0.4764957521218316
"看不懂瞌睡，不想看
",0.32673586372818986
"懦夫，下船都不敢
",0.39414179896394164
"看的睡觉，无聊
",0.1905838777676493
"不知道是什么的音乐就是爵士
",0.4820226071939978
"          不想评论了。实在无语。
",0.06954421172781455
"凌晨一点半，晚安！
",0.3361966245317599
"总有一些人和事是无法解释的。
",0.30613955547809557
"有很多想说的，可惜没文化，不知道该怎么说，打个满分完事
",0.15827282839265466
"绝了简直真的绝了
",0.23292537897427845
"不是说这个剧烂，只是奈何没文化看不懂?
",0.105109642892111
"我在想这九点五的评分是不是买来的，真的好难看，看的都想睡觉了，无语死了
",0.057102031569129075
"一般般吧前段可能比较无聊
",0.33423139984163375
"这世界就像有成千上万的琴键  我不知道怎么该去掌握它的音符 我看不到尽头 街头上有成千上万的马路 而我根本不知道该选择哪一条 
",0.31693030240397935
"超级不好看！
",0.48526415416777746
"实在是不好看。
",0.3389261525613082
"好好的电影剪的破破烂烂
",0.07394814005711425
"几年前看过了，没去刷。但也给个好评
",0.04538553950618529
"我们逃不出去了吗？还是我们太过懦弱
",0.2928569545795614
"特别难看！找不到主题，也不知道哪里来的好评
",0.07514541399774421
"都是炎黄子孙，给我炎黄一个面子
",0.4869019298734194
"下船和留在船上，有什么不同吗？只是结束的方式不一样。
",0.36184258122216506
"虽然看不懂，但还是坚持到最后了
",0.42581389983146645
"意难平 我真的意难平
",0.4455693092328198
"多希望最后的镜头是1900进入了乐器店
",0.29483533807113993
"我愿下船去看看，然后再回去
",0.3607221598518725
"看的都睡着了！
",0.4225873322064312
"十多年后再一次看 依然震撼人心
",0.4712340092578321
"看不懂～想睡觉
",0.3950711597547466
"属于大海的钢琴师
",0.36548943436727077
"个人感觉一点也不好看，很无聊，不知道为什么还得这么高评分，可能太有深意我没看明白
",0.31511388547372
"超级烂！相当烂
",0.05705212966644213
"看到最后都快哭死了
",0.23912587351059233
"钢琴弹得很溜，游轮上出生的天才，不知道影片最后的镜头作何解释？
",0.2059171800201247
"陆地是一艘有太多选择的船
",0.45925861529496326
"我也对自己有一个正确认识，知道自己要干什么
",0.46490261442253544
"垃圾电影，就有催眠的作用，全程都在睡觉，没一点意思，不知道评分怎么那么高
",0.04524491174878198
"这个电影早上映过吧？！怎么可能是2019-11-15上映的？这是蒙人呢？
",0.2671894275515152
"今年最佳催泪片非你莫属了?有男朋友的记得叫他穿长袖，单身的记得带纸巾.千万不要像我 忘记带纸巾一把眼泪一把鼻涕没地方擦???♀?男主偷亲女生看的老脸一红，这部电影不看会后悔的，最后真的太感人了，生在船上死在船上?
",0.03666740918542699
"一点不好看，都睡着了
",0.3434343891363334
"一般般，没看懂，网上吹的太夸张了点吧。
",0.0360711177688392
"GOOD LUCK！1900！
",0.4737672181921908
"一个人的电影，差一点感觉
",0.35977617916840443
"看不懂aaaa
",0.4003567837764843
"在那一片轰鸣的爆炸声中 被上帝偏爱的音乐疯子带着自己的执念去天国弹钢琴了 影片的最后 1900空弹钢琴那段简直给我哭的泣不成声 Friends 原谅我 我不下船了
",0.060086241136916074
"要我我就打晕1900带出去_(:з」∠)_不过毕竟是理解他的朋友吧，尊重他的选择。但是我还是奇怪为什么不找另一艘船让他挪过去呢？？？
",0.13159196909721294
"可能整个放映厅只有我哭成狗吧?
",0.09224319090507904
"烂片，骗电影费
",0.02040103205719923
"如果不是剪了一些我会给九点五分的
",0.3934609319483656
"垃圾电影院！！！！
",0.03392671145175441
"不好看吗没意思
",0.11064687772880466
"看睡着了，故事剪的太不连贯了。
",0.3475421997619914
"影片非常好！可第一次感受观影不适，旁边一对情侣从影片开始就一直断断续续在那亲个没完，为什么要来看电影呢？应该去找一张床…
",0.1948878454647115
"呜呜呜呜呜呜呜呜呜呜哭死我了真的呜呜呜呜呜呜呜呜呜呜1900呜呜呜呜呜
",0.4753048650285955
"98年的你，96年的我，再次相遇。
",0.3205618553974183
"真的好看，欠的电影票补回来
",0.426562545084215
"看得我快睡着了
",0.2034250200831519
"在网上都已经刷过五六遍了
",0.31068583192605137
"刷一百遍都不为过
",0.10145011709450302
"他只是不想抛弃自己的纯粹。
",0.3058002061446291
"我能理解1900在甲板上迟迟不上陆地的心情
",0.17150796710437166
"这没30岁看不懂啊
",0.24850328946198075
"我勒个去！这是演的什么垃圾东西，疯了！
",0.09418574177624428
"没的说，觉得炒鸡好看
",0.3912127706910177
"看不懂 智商不够
",0.30800902314439915
"给个五分吧，不过我没看懂
",0.3476172322182298
"怎么又来了。。。。
",0.38028169014084545
"这电影在讲啥我愣是没看懂
",0.38285568183933216
"别大下午看  睡不着算我输了
",0.47621270761225465
"?那不属于我
",0.3693910911319984
"话不多说，看就对了！
",0.4250936135581077
"垃圾垃圾垃圾！9.5分的高分影评请问是怎么刷出来的！！！！！！
",9.51325471287845e-07
"太难看了，不好看
",0.18081550516380762
"f the infinite
",0.4737672181921908
"经典无话可说
",0.43503588363762724
"看不懂看不懂
",0.33116295305475296
"好康！！！我圆满了
",0.4414717655552086
"买错影院看都没看，又不能退票
",0.15631223484636192
"删减版！！！！！！
",0.03798964211735423
"个人传记，有点无聊~
",0.490992301157825
"不好看，都睡着了
",0.4002791685264172
"不好看我要睡着了
",0.16209839671050796
"没什么可看性
",0.3564284068583371
"很直得一看喔！
",0.2998971137112326
"u are infinite.
",0.2784174005786142
"我就是看不到 尽头在哪里 
",0.48633212559197625
"因为电影院一颗星都不想给，没看妈的电影院好臭设施好旧还全是灰感觉建在下水道旁边
",0.0006442908571318018
"很能深入人心的一部影片 
",0.34410713564952156
"当所有的压力都在肩上，会不会有一天崩溃？
",0.40457981518965214
"原谅我太庸俗，欣赏不来她的美
",0.2627078264226511
"一般般吧！！
",0.28840251381415527
"我成功的睡着了！
",0.44201195895461287
"难看死了，请恕我不懂艺术
",0.1451187610402157
"不知道在讲啥，浪费时间，睡了一大片
",0.06367926981861705
"不一样的角度听海的声音
",0.33103502895057657
"睡着了dbq
",0.3172527304777347
"好.....
",0.4923353189982068
"1900我可以??
",0.49918878288899127
"一般般 不怎么样
",0.34831944996669684
"摄人心魄，千言万语但不知从何说起。
",0.4121249211170227
"传世。。。。。
",0.35072516527653985
"最后一棒打晕1900抬下船再慢慢教他怎么生存不好吗，教育方法不对
",0.1380502357097061
"好看 第五次看了
",0.43706739317649146
"好电影，不需要解释，只需能产生共鸣！！
",0.2834322755954386
"derder，我再也没有见过心思比你还纯净的人。
",0.3119376251853099
"我怀疑lemon钢琴里住了一只杰瑞
",0.2980112005932637
"Un pianista Marino, è come UN film d' arte epico, con UN notevole valore storico
",0.2033708095956024
"it moved me unconsciously
",0.4737672181921908
"不好看 睡着了
",0.376404087830048
"第二次，感觉不一样。
",0.24972996894230415
"换作是我，我也不会下船的
",0.3467268477088512
"只想打一分……
",0.48321339319464895
"女主处理的不好，只是下船就没消息了？
",0.33335417314528515
"Life on land is immense. People always spend too much time wondering why and making choices. If I were him, I would do the same. I’m that type of person, while not with that talent.
",0.03812026818966063
"非常好看！！！！
",0.397792007434392
"现在的人找不到自己的价值
",0.29990624301137836
"二刷，还是很好看，最后船底那个片段看两次哭两次。我也不晓得为啥子想哭，就是好看。?
",0.38011330013383515
"县城电影院包场看湿了
",0.10336125092427406
"还行吧，！！！！！！一般！！！！！！
",0.02501865133781478
"I can never get off this ship. I'm blessed I can step off my life.After all, I don't exist for anyone.
",0.003581289727410897
"没资格写感受
",0.49381777636799506
"“我所惧怕的，不是我看见的东西，而是我没有看见的”
",0.13770025982801504
"9.1where is the  end  of the worldi was born for this the land is a ship too big for me1900
",0.43722453417486473
"电脑上没看专门跑电影院来的
",0.363657558658691
"电影院就是不一样
",0.34527875471283087
"虽然买了票没看 但是十分好评
",0.29914980836027993
"没主题，人物形象差，叙事顺序乱，篇幅长！
",0.10806432275460931
"说实话压抑而且没看懂
",0.37944543191658153
"太感动了！多年后重看依然精彩！！强烈推荐！！！
",0.43615714805430716
"life is immesnse
",0.4737672181921908
"在影院里的9个人，在那两个小时里，我们都是1900
",0.34567827575959065
"一般吧，不知道评分怎么这么虚高
",0.24918933054201564
"老电影，垃圾，**
",0.3416602772463657
"手机上早就可以看 现在搞上映 **
",0.1027407110977806
"影史经典不需要解释。太nice。
",0.16274940372657032
"原版的2小时41分钟，国内的删除了，不完美。
",0.07021397767206705
"这个不是腾讯在播吗，怎么又电影院回笼了，不懂
",0.10131935823166449
"删减好多，没有原版的感觉了
",0.45944048649658853
"节奏很慢，不好看
",0.42716502786181687
"评分水份高，不好看。
",0.13622917263728074
"天才，，，，，
",0.2308283396275872
"不要坐错钢琴凳，弹好自己的钢琴键，不要动上帝的键盘
",0.16211837783777838
"因为音乐至上
",0.3061081899890149
"这部电影我没法形容，对我来说是烂片，从头到尾是叙说片，没有主题，思想乱成一团，浪费钱不说简直污辱视觉和感官。
",0.047029198641212355
"灵活的洗涤，好片
",0.24613414138675915
"钢琴曲很好听！
",0.44439673840245375
"看预告片以为是何灵演的结果买了以后不是超级烂看的毫无头绪完全看不懂
",0.16969816007810334
"Fxxk the regulations
",0.4737672181921908
"太高级了，看不懂啊
",0.1579084791620914
"如果可以就浪漫至死为自己而死
",0.4712839042376967
"legend of 1900
",0.4737672181921908
"Life is a boat, survivors suffer.
",0.2827348820724288
"从小吃土的不建议看，不要浪费了时间又说不好看…
",0.23134235970744965
"好！！！！！
",0.19316773157792988
"大海的声音。
",0.46275493884536045
"无奈啊！听不懂！
",0.38940813067374513
"我害怕的不是我看到的，而是我没有看到的
",0.2752071991125631
"本来想看，但删掉了40分钟，那就算了
",0.07762700541269885
"烂片，看着都睡着了!
",0.1275328244653654
"表示看不懂！！！！！
",0.08522218867902975
"为了1900而来。他就值10分。
",0.28892174716656993
"烂片，真难看！
",0.07516581622969132
"网上的凭分感觉就是小编自己打的
",0.49163918715035426
"这还用评分嘛！100分
",0.17947371263925282
"没看完有事走了
",0.39054493323482187
"至少哭了五次，出来发现哭成了双眼皮
",0.3481659203513032
"我只属于那个地方，生在那里，死在那里。
",0.23897325309939754
"人都要選擇自己的一條路 哪怕是粉身碎骨
",0.1764229349091042
"他弹的不是钢琴 是人
",0.3319667400374954
"这个电影看的思路不清楚，特技也是一般般，觉得是被忽悠了
",0.20120048267817736
"经典永不退场！刷十遍也不为过！太喜欢了！
",0.4452545771076607
"什么鬼，怪我实在是升华不上去，不知道为什么评分那么高，奇了怪了，可能是自己期待太高，结果没达到预定效果，虽有些高级的地方，但是艺术家的世界我不懂
",0.37898204178309236
"如果有一天泰山崩于前，我希望我能低头点根烟。
",0.3439305416366494
"骗钱啊这个早就看过了
",0.04640745870800289
"精神上的很纯粹，不过可能是因为第一次看，所以不像旁边的人那么激动，只是觉的有点可惜，1900但最后也选择留在了船上。
",0.46162676628303545
"我这辈子看过最后悔的电影，浪费时间
",0.4840671828023707
"有点晕船，建议带上晕船药
",0.15670259062318104
"挺棒的，钢琴弹的太有水准啦！
",0.1397930903820357
"经典！！！！
",0.46016312158778205
"9.7分实在是千古奇冤
",0.17638725540027667
"不知道哪来的那么高评分
",0.35607339645700153
"1900太纯净
",0.3138846600618832
"太值得看。太太太。
",0.45349035191785847
"老电影，新上映，大家不要被骗了，网上大把的看。
",0.3350611128054377
"不懂音乐的不要看了，我懂一点，但是还是很没意思，满屋子人最后我走了还剩一个人，故事很好，剧情演的太磨叽了，抱歉
",0.08263157187254189
"虽然看不懂哈
",0.42581389983146645
"还好吧看到一半睡着了
",0.43177229854784105
"我们都能成为1900，我们也都不会成为1900！
",0.39355731474161637
"不多说，自己看
",0.3022244083360175
"1900终归不适合陆地
",0.319224048594805
"没怎么看懂，也不知道怎么评论
",0.17467177290456526
"四刷，每次都感触都不一样
",0.4696836960273617
"经典！！！！
",0.46016312158778205
"看了完全无感，我不知道这么高的评分是怎么来的，后搜了豆瓣影评，看着绝大多数人都跟我一样有种被欺骗的感觉，哎，真的是浪费时间！
",0.415859449649686
"T.D Lemon 1900
",0.44767845850986676
"最后没看懂他为啥要和船一起沉没。。
",0.06654454667863063
"The best I have ever seen.
",0.08096861852087933
"说实话，看影不如听影，看不懂到底表达什么？难道东西方文化差异那么大？
",0.3872151298937214
"第一次五星好评
",0.37041675731960877
"托纳多雷牛逼!
",0.3631750592343189
"整部电影没有任何一点有内涵的东西，很多地方强行拖时间，看着想睡觉！近几年看过最差的剧情片！！
",0.05632288358628268
"98年的  每一帧都那么用心
",0.22527534620776202
"我的6刷。最喜欢的电影。没有一个字要说他不好。有删减，但是删减部分没有太大影响
",0.02574205090398396
"1900天赋拉满，马克斯眼睛永远不聚焦。1900站在下船的梯子上凝望城市后，转身回到了船舱，城市太大了什么都包括就是不包括尽头。
",0.34995704829338425
"爱死男主啦！！！！！！！
",0.25894013479415756
"他做了他的选择，他没有后悔过，意难平都只有我们。
",0.22165756415480264
"有时会关上灯，房间就成了一艘船，晃荡在夜色里，别人的屋子灯还亮着，而我的船在夜里漂向了更深的夜海。
",0.12297096429727195
"这好像是重映吧
",0.40737964888584255
"太??了，生于船死于船无人知晓
",0.29022167370009044
"我们每一个人，都有离不开的船！
",0.3373387102727551
"可以good
",0.44444444444444464
"被剪的剧情衔接有些生硬和不知所云，算是为情怀刷一波吧
",0.10900291854610267
"太好看了！！！！吹爆
",0.02355915881546966
"一般般，没电影看才来看看，不懂这剧情，可能我不喜欢吧！！！
",0.21755549306977673
"喜欢，没什么理由
",0.3290813485790832
"算了，9.7不知道哪里来的那么高的分，我可是睡着了
",0.2585762220762291
"看得想睡觉了，我刚开始还以为何炅在里面，搞了半天没看清楚预告，郁闷死了
",0.0001935115838757051
"无厘头垃圾片
",0.26434714824637595
"完全没看懂，呃呃呃
",0.40947050226204873
"我想我从不后悔认识1900
",0.3094095852889175
"超级不好看，浪费钱
",0.06122848037917705
"钢琴师不应该与船同死亡
",0.4474391409561552
"一般，9.6分太夸张了
",0.19867080574924356
"很完美解释了一个钢琴师对社会的无奈和失望
",0.19838110477723803
"就像老友重逢一般
",0.4737672181921908
"看着心情难受
",0.36083998714259435
"以前在电脑上看 哭成** 
",0.32834665281003583
"神作神作神作
",0.433842120758692
"好片！太难过了.... 心里难受
",0.267694084807624
"@各大洗化用品品牌商，别怪我没提醒你们，除了1900还有谁能在下水道似的地方生活几年出来依旧衣冠楚楚人模**，忍者神龟吗，不，是蒂姆罗斯。所以说，为什么不。。。重做画面！！！人都快模糊了好吗！
",0.050323609166405436
"不忘初心，方得始终。
",0.2802532212359813
"两个小时不到的电影。我后面一排有四个小孩 进进出出不少于7、8次。再就是删减了40分钟。观影体验真的很差了
",0.49044626974014793
"电影又臭又长；又臭又长 看的我恶心
",0.012959200390814773
"It's worth seeing.
",0.39336277495313154
"删减得太多，导致故事连续性受损
",0.3530363411677988
"睡着了，睡着了
",0.19343787396983236
"难看难看难看
",0.04931627317875786
"只能说中西方文化差异太大，有些看不明白，也想不明白。
",0.049789606359015415
"还行吧，内涵没太明白
",0.23304299656145622
"当1900空手弹钢琴那幕真的泪目(┯_┯)
",0.05829372892056783
"真不晓得这9.7分是怎么来的，两个多小时稀里糊涂的，
",0.03939892820809365
"不是近乎完美
",0.42459324291917444
"没劲，不太好看
",0.04741370142495427
"压抑，基情满满，太有深度看不懂，僵硬不会变通，长得还是挺帅的。
",0.05045484167534797
"一般，不知道怎么评的9.7分
",0.13593419870117507
"看不懂这是什么破电影
",0.42866109487496784
"打感情牌，放的旧片
",0.44136459968903485
"很多年后再看感觉又不一样！好看！！
",0.40480755007852887
"最纯粹的钢琴师，最纯粹的人
",0.08304611535139128
"巨好看。牛逼
",0.4182578487912807
"小朋友看起来无聊
",0.4051721070099138
"一个人的专场看的
",0.26004558510077724
"是我愿意出钱买票的电影。
",0.32284000395909906
"能不能不要中文配音
",0.14750191979005367
"吹爆好吧，强烈推荐！
",0.18612221244704252
"很好看，但是不知道为什么有些地方就剪掉了
",0.48772835228010547
" 反正没有看懂 还睡着了
",0.21117098801700385
"不觉得好看都不懂评分怎么那么高
",0.41192684155577153
"No words.
",0.23082833962758653
"电影挺好看的，就是有个猪婆一直拿手机拍照，录像，拍一两张得了，全程举手机不下10次，还录像，真没素质
",0.0018828869079782207
"  深入人心
",0.19999999999999996
"The legend of 1900. 执念。
",0.26732640946717046
"不知道怎么会有这么高的分，看快睡着了。
",0.24128695524865518
"start fresh
",0.4737672181921908
"不晓得这么高的分怎么来的，去**的，睡得**感冒了
",0.0014793119645196695
"看了一个小时还不知道说什么，差劲极了，好久以来就这个电影看了想提早离场
",0.24694673073264606
"一般没看懂 但是钢琴好听就完事了
",0.042448396335718175
"欣赏不出个所以然来，没事的闲人可以去看看。
",0.26715443185361776
"好看不解释！
",0.28257107923772284
"距离产生美女你好美女你好美女你好
",0.14822936446567048
"看不太懂呢！
",0.2592151684156475
"还可以，就是不懂为什么要删减?
",0.39393959594320793
"影片太过深沉，不是大众都能接受的
",0.1562656057362809
"为什么英语？
",0.4183266932270914
"非常好看！！
",0.49621654772603285
"说不出太多什么，反正我看完后也就哭了10分钟，自己默默躲起来哭的那种
",0.4421734588006019
"不是吹得好呀
",0.2568797875248362
"最后跟船一起凉了
",0.47303508123134186
"什么**，无语凝噎和不敢问他怎么做都不会忘记我们的朋友是怎么说
",0.16171327929930912
"岸上的人总是在问为什么
",0.3280419254204435
"真不知道为什么评分会这么高
",0.3860710300610586
"欠1900的一张电影票补回来了
",0.12239543975030875
"死都要留在船上，这天才也太轴了
",0.04544680338485774
"不讲了，我不说谁这么无聊的东西
",0.06182667749009152
"很早看了，一个船上钢琴师，到最后船要报废了，他也也没离开这艘船
",0.09356107885464149
"一般吧，没耐心看，会睡着的
",0.4157681639222044
"剧情引人入胜，我憋着尿都要看完。
",0.24687183131865875
"删减太多，生气(??｀ω′??)
",0.16406307894889882
"看了太多遍到最后真的崩不住了
",0.3765733481830966
"一般吧，可能我不够文字，看睡咯
",0.47960551311828337
"有些地方逻辑不通，有些地方还是没细抠懂
",0.2796099140284646
"全程热泪盈眶
",0.4737672181921908
"尽头啊！害怕啊！初心呀！
",0.449649499021211
"看的我要睡着了，有点无聊的同时结果也不是我所期望的
",0.03509802563089259
"要二刷 真的
",0.16455333308649067
"他离不开那艘船，那是他的一切
",0.27436179173049613
"非常好看呢！！！！
",0.397792007434392
"无法言语的感觉 
",0.48882247314262517
"太好看了，我都睡着了！
",0.37389452425548275
"漂流的是人，没动的是船。
",0.13818116851711237
"不用多说了吧
",0.44703593511806194
"最后一幕缺了一只右手，不然我就打十分了? 
",0.33836385481584574
"即使这部片子已经讲烂了、说烂了，但是再看一遍，还是感慨万千。
",0.4675805013659924
"看过影评，却因为种种原因迟迟没有看过原片。没想到这次竟然在国内上映了，立马买票去看，经典！
",0.1354060597658565
"不好看  后悔
",0.21916188572075246
"马克斯以前觉得再也见不到1900是因为他要去岸上，然而现在见不到是因为他永远留在了海上。
",0.29314169020184677
"看完心情久久不能平复
",0.49377669039163385
"好无聊好无聊
",0.14211312811214116
"没看懂啥意思 评分还这么高
",0.4432761066201314
"不知为什么  泪流满面
",0.4475961338959177
"有点失望，但是片子很高级
",0.30934158117214616
"好不好不知道还没看
",0.41159278670475485
"補票。找個角落坐著比較好。
",0.08690615919850075
"可以给100分吗？
",0.4555799615340299
"无聊，无语。
",0.11498566303555091
"The Best! Ever!
",0.28839286613269877
"playing love
",0.4737672181921908
"不好看，太难看
",0.18081550516380807
"太好看了！！！！！！！！我哭了！！！！！我爱男主！！！！！！！！！！
",0.06053940312036121
"简直无聊透顶千万别看
",0.012873683374387435
"二十多年前的经典，没有缺陷
",0.3538619352888852
"无论什么时候，不管看了多少遍，还是会热泪盈眶。就像钢琴有八十八个键，你也要找到属于自己的八十八个键
",0.16564617781270563
"21年，可能这才是你的归宿吧
",0.23542073962120524
"为什么只有120分钟？
",0.13552016811886936
"超级好看，精彩二刷
",0.38080636697455406
"看两个小时，觉得好无聊
",0.2665692854712429
"9年后重看，依然哭成狗
",0.37482815074778986
"我第一次完全看不下去的电影  都不想坚持了 也不知道评分哪里来的怎么高 坑
",0.06855339863655308
"一定要去电影院看一次
",0.49543506058618647
"曾经泰坦尼克号是我心里的第一，海上钢琴师也是自己在家看过，这次电影院看确实不一样，哭到不行，太赞太经典！！
",0.4435399258454338
"特别好！！！
",0.38228481001280756
"总有一些东西是纯粹的～
",0.44846333788481585
"想想我用两个右手怎么弹琴吧
",0.44403045538189045
"买的感觉有点亏
",0.46745177846685404
"I was born on this ship, and the world passed me by.
",0.11393177653397157
"好看，暴风雨弹钢琴那一段绝了！
",0.44060164501951327
"看得睡着了！
",0.3982652841830129
"看了很难受！泪流满面！！！
",0.28884702454967526
"我哭(′;︵;`)巨好看啊！！！！
",0.15557744026717713
"上帝为一个人关上了一个门，同时也会为他打开一扇窗
",0.02748721127787568
"果然高分不是吹的??????????????????
",0.17394228641563692
"主角说这是去**的上帝的钢琴
",0.27544187992781277
"难看得无话可说
",0.20332691008136883
"垃圾烂片绝了
",0.03998877697434289
"非常一般，只是出来的时候眼睛有点湿。不知道是因为两个小时目不转睛导致眼干眼涩的后遗症还是年纪大了泪点低
",0.07410001364598529
"我只能说何为经典？这就是。
",0.48466481677746576
"睡着了，6分给那个女孩
",0.2806196830052058
"哭**了???
",0.17559210774812528
"必须看，不留遗憾
",0.4597765236765339
"阻止我的，是我看不见的。
",0.27642300256225716
"好看极了吧！
",0.46118024469897245
"删减了，太多太多重要的剧情。跟原版差了好多。低分不是给剧情，而是给再版。
",0.18535606797906878
"天才，不为多数人理解，往往也不为人知。
",0.456034246705492
"还可以，中间有看睡着了
",0.44601074302881816
"一般般，就弹钢琴的声音比较好听，其他都无聊…………
",0.15330442764035668
"演的什么玩意，一点都不好看
",0.1703271449444682
"看不懂真的看不懂
",0.3110669170895006
"哪个乱评分～垃圾电影！最后看完都没看懂在演啥玩意
",0.040713750634035706
"炒鸡垃圾的片子，真服了，第一次提前出场
",0.03394440792238074
"开场10分钟睡着，睡眠神片
",0.13663102187219445
"这里有何炅什么事
",0.44163439702377705
"perfect的BGM～Classic
",0.40306518103660505
"有点无聊? ? 
",0.2000000000000003
"超俗，超烂的爱情片
",0.1030578852486621
"我爆哭(′;︵;`)
",0.3261783520810113
"电影好看，就是那个厅的音响太烂了，差评
",0.015105804714863003
"好看 没什么可说的
",0.4402731426611767
"懦弱是囚笼。
",0.4758372245105892
"电影还OK，就是声音太小了，还有人讲话很大声
",0.3988219102211752
"超级超级超级好看！
",0.4849552049899034
"太好看了，浪费了俩个小时
",0.14398567432689002
"莫名其妙 不可理喻
",0.27200653233952343
"经典! 看完之后久久不能忘怀。
",0.4163265025887164
"太无聊了啊啊啊
",0.24162149098102237
"能坑一个是一个，世界太大却没有我的容身之所。
",0.30646128685242635
"为什么1900第一次弹钢琴的画面把我弹哭了？Why？？？
",0.432539753125624
"人们总是用太多的时间去问为什么
",0.17678913110729455
"One  ship,one  life.
",0.44767845850986676
"活不多说，好看就完事了
",0.19900218848541396
"没什么好说的。去看的肯定知道它有多好。
",0.45121073038784365
"极致到极点的浪漫
",0.3694158546995675
"max的精神病患者形象太深入人心还是宁愿相信1900存在过，并且希望他能有勇气下船上陆。
",0.24330200994568218
"还好吧有点无聊
",0.3428735977035786
"看过太多次了！竟然还能看哭T﹏T
",0.2885471604660891
"其实早就看过，最近心情不好想出来走走。
",0.3976397882747795
"从来没点评过这是唯一一次，如果是我我就打晕1900然后带走。不管怎么样就是要让他走我给的路。
",0.12553307596277108
"电影很好 电影院不好 半夜电钻声都比影片声音大
",0.05015917455120744
"我不明白他为什么不能下船他是否在害怕什么还是明白了什么
",0.270863397843046
"我居然看哭了
",0.4386729945672978
"只能说自己不懂欣赏吧，全程进入睡眠状态！
",0.15349272151233684
"不困 也就听了一个半小时的钢琴曲
",0.13636002644428158
"他和船一起死了
",0.39019164871671363
"f**k the regulations
",0.4737672181921908
"不好看，烂片一个。烂
",0.04142258731641557
"难看得要命，不真实不可能一辈子不下船，他就是个可怜鬼，不值得为这种人拍一部电影，2??个小时长，浪费我的时间
",0.15756074964002165
"好啊老在仓库换下来的
",0.262501498783294
"经典无需多言，更何况4k修复
",0.48707492316809553
"看不懂呀，把我看瞌睡了！
",0.46125816273930786
"巨好看，初一的时候听说过，经过同学的推荐看过！小时候不知道为什么不愿意下船，不就是简简单单的动作吗？难道不后悔吗？现在已经上了大学，发现其实很多事情，选择很困难但是知道自己心里到底想干什么就行，无愧
",0.047129019321176635
"感觉是有点吹过了，画面也没感觉4k重置有什么不一样，没有评价的那么好
",0.3565982552324778
"看到睡着了。
",0.3404255319148939
"这片子都要删，真的恶心
",0.2126532042356184
"适合一个人看，千万别和朋友一起看
",0.4302635087162032
"The winter is beautiful
",0.28839286613269877
"太好看了 音乐天才
",0.3736194728186356
"虽然有删减，但不影响剧情
",0.3645982962875758
"看不到自己的尽头在哪里
",0.48845528584115905
"删的太多了啊
",0.26395018531456715
"想说点什么但却欲言又止
",0.3227821307741292
"看不懂，是我垃圾了
",0.08851764110914495
"为啥又上映？！！
",0.022019225157650535
"一直循环那首 The crisis。
",0.06763915322828251
"看了中途岛觉得很好看，但海上钢琴师是真的惊艳到了！！！
",0.29411031819253475
"片子就不挑了。万达影院没工作人员查音响差评，声音太大，耳朵被轰的感觉
",0.011136991389055773
"还阔以还阔以
",0.4737672181921908
"这是俞伯牙与钟子期啊麦克斯竟然不把挚友敲晕带走   至少五花大绑去鱼店  吃个酸菜鱼再说   反正1900也不怕死    还怕个肾啊   卖唱也有个队友啊
",0.0011347349555159703
"每次看都是感动的一塌糊涂，可惜是删减版。
",0.4135095253162505
"1900音乐怪才
",0.3391545955701838
"还了那张电影票。。
",0.35509767165056283
"只有下船后才能看见大海，1900
",0.4761272170123767
"1900好像只在那首无名的钢琴曲中活过一下下。只有《1900》是为自己而弹，世界上好像只在那张残缺的唱片上留下了过他的痕迹。如果朋友带他下船是不是可以拯救这从来没活过的这个人！真是遗憾。
",0.3028692758802819
"十几年后再看，才真的看懂了。
",0.4058930021876671
"无聊的电影，看到一半走了
",0.44795095166597776
"陆地是一架琴键太多而无法弹奏的钢琴。
",0.3311733025989767
"Good story.
",0.4737672181921908
"史诗巨作，摧动人心。
",0.44767845850986676
"到后面还剩半桶爆米花。光顾着看了。
",0.302880998471178
"the land is too big for me， there’ s thousands of streets, how do you choose just one.
",0.12577614021599492
"视听盛宴！！值得一看！！！！
",0.3794379934498001
"“他是黑人”“这是你自找的，混蛋”“两个右胳膊”
",0.15417995542863638
"超烂，不知道是我层次不够还是在看的都是音乐家，九点多的评分，实在是想不出来，哪里好看了，一直就是弹琴，比手速，没什么情节
",0.01320712272999669
"看我打的五颗星你们应该就能理解了吧?
",0.4948035953271943
"想上厕所啊啊
",0.47014640343227543
"My Virginian.
",0.4737672181921917
"完美吧只能说
",0.46908687193403853
"我要留在船上...
",0.3732116277011628
"也许1900可以下船去，可是这样就一点都不1900了
",0.41358570969523645
"没什么好说的，满分就完事了
",0.183306809173038
"我也想去找你，Mott Street, number 27.?
",0.24405690388318912
"想说点什么又不知从何说起
",0.11081382581090993
"160分钟的版本才是完美的~
",0.28522583652446565
"巨好看！！！
",0.0766977562578125
"晚上去看看完自闭了?
",0.49812323353511023
"Enjoy the story.
",0.4737672181921908
"老电影！电视有，为何又放？弄钱？
",0.058815720930165516
"对于这个这个预告，绝对的差评
",0.08956374191463723
"音乐真的会说话
",0.46312923902577885
"God's piano
",0.4737672181921908
"吹爆 如果谁说不好看 我打爆他的头
",0.011693684745774813
"样机理?睡呀
",0.16509873707009903
"其实我没有看懂，不理解1900为什么不下船，1900下船就好了，真想有个人把他打晕抗下去。音乐非常好听，镜头画面也好，就像真的在船上。
",0.35757707962600227
"好不好看我相信不用我说，不过这个剪的有点太多了吧。
",0.2587884414945334
"意难平，意难平
",0.36226506848265994
"躲进电影院的那两个小时太TM美好了！Mr.1900欠你的电影票补上啦～
",0.20140087163382392
"钢琴师活得明白
",0.3527501069096829
"说不出话了  just
",0.2697233127372688
"这本影片是不是几年前的那一本啊？还是又翻拍了？
",0.39354919686746204
"“陆地对我来说是一搜太大的船” 
",0.44748839223156633
"还没看呢，老舅
",0.434757897633231
"我要打5分呀
",0.3624091844205526
"不肯下船的，是我们罢了
",0.22984428502969823
"只有麦克斯知道1900还在船上 他不会离开。
",0.2524508793173039
"一个纯粹的人
",0.36344043053704556
"吹爆1900
",0.07184916025401678
"之前没看过，看到电影院上映了果断买票，之前不知道以为是重新拍的，没想到是经过4k处理技术使片子像新的一样。后半部分眼泪不受控制的哗哗淌。表达不出来太多感受，都在心里。另外，男主的颜也太可了吧，我的天！！！
",0.33197596363549164
"不说了 神剧还用多评价吗 蒂姆简直是我的白月光
",0.07946715621052403
"是结束，更是开始。“The world passed me by.”
",0.4573661653751454
"我不会下船的
",0.3708830251159174
"有点我搞不懂的是，为啥不换一艘船继续弹……
",0.0016831429708098478
"这个不是好多年前的吗？怎么回事？又来上院线？
",0.31783128494805146
"老片子？怎么又放了？
",0.308750525309184
"看完以后说不出什么感觉，看到1900不肯下船有点难受?
",0.11659627849761667
"很好看 就是千万不要喝水 全程无尿点 太好看了
",0.0543266390100301
"但是时长只有两个小时 时间不足
",0.1887875835681313
"在网上就可以看为什么要花钱去电影院？
",0.12730430305072826
"看到最后，已抑制不住泪水!? 
",0.26026663339089084
"有何炅？不看了
",0.40343872140149895
"10分你说呢？
",0.17356054131568355
"1990他来去匆匆，留下了极少人能够回想的动人旋律，一个人的午间专场，在空旷的影厅里静静的聆听影片配乐直至结束，1990谢谢你赠予我的这份宁静。
",0.40565466015979057
"意难平，看完有些自闭。我还是太俗。
",0.4533491474494956
"没有英文字幕！音乐很好听！我不太看得懂。
",0.11316463149977063
"删的太多不忍直视
",0.15833678798519346
"perfect
",0.4285714285714284
"What would 1900 say?Fuck the regulation!Fuck the jazz!Fuck the war(?)
",0.37165162461671686
"150多分钟被缩减到120，我都不想去影院了
",0.1720735782470194
"陆地欲望太多???
",0.2518086922003919
"怎么只有十分？
",0.45000000000000007
"抗议删减原片
",0.1426450850553217
"墙裂推荐！！！
",0.12963835630424647
"我寻思着，我寻思着这不是98年上映的吗？
",0.2567435586023815
"静待二刷呜呜呜呜
",0.14224175539258066
"这是新的？？
",0.2543647528848022
"You are infinite.And on those keys,the music that you can make is infinite.
",0.37165162461671686
"不好看，没意思
",0.11064687772880466
"特别无聊又无趣的片
",0.06154361732431979
"明明是假的，我却感觉是真的。
",0.24857065797820643
"知道眼镜被哭花的感觉吗？不用说太多的话，只用两个字，完美。
",0.4425964553482741
"我简直惊呆了!!不知道为什么画面简直模糊到快要看不清人脸!!!完全毫不夸张!!而且整个屏幕色调都严重发绿!即便是在家随便搜的老版都比这清晰百倍啊！冒着寒风、满心期待的去看这部经典，但感受完全被毁了!!求解!!!
",0.0009606436210800595
"goodbye 1900??
",0.4737672181921908
"8分给169分钟的未删减版，0分给125分的公映版。
",0.2641356851512138
"最最经典！没有之一！！！
",0.327620097079228
"bravo！感觉只能这样形容
",0.18380647579684717
"一分给影院，不给关灯，音质超级烂，怪不得没人来看，就像是从留声机里出来的那种辣鸡音质，服了，观影体验太差了，以后都不会来了，浪费好电影
",0.14952958497692848
"呵呵，不给退款
",0.11878760450590886
"上一次是8年前
",0.46791408646361343
"下次看就准备好纸巾了
",0.20526520636765377
"Non posso fare a meno di questa nave,Non è una gran cosa che io abbia lasciato la mia vita
",0.08307195780453425
"被剪的一踏糊涂！无语！?，灵魂部分都被剪了！…………
",0.4116174572219965
"我之前在手机上看的，怎么又上映了？？
",0.20411962177257947
"这不是很老的片子吗？怎么才上映？
",0.3489877611856328
"还没去电影院看，先打满分！
",0.23547304764023436
"See you again~
",0.4737672181921908
"这已经好几年前的电影，经典。这回是重新上映，还是国内翻拍，别挂羊头卖狗肉
",0.45493616392689884
